id,id_enchant,color,min_ilevel
2,2686,2,0
3,2687,8,0
4,2688,4,0
5,2689,1,0
21,2690,2,0
22,2691,2,0
23,2692,2,0
24,2693,2,0
25,2694,2,0
26,2695,4,0
27,2697,8,0
28,2696,4,0
29,2698,8,0
30,2699,8,0
31,2700,8,0
32,2701,8,0
41,2703,1,0
42,2704,1,0
61,2705,6,0
62,2706,12,0
63,2707,10,0
64,2708,10,0
65,2709,10,0
66,2710,10,0
67,2711,10,0
81,2725,2,0
82,2726,2,0
83,2727,2,0
84,2728,2,0
85,2729,2,0
86,2730,4,0
87,2731,8,0
88,2732,8,0
89,2733,8,0
101,2734,2,0
102,2735,4,0
121,2736,4,0
122,2737,4,0
123,2738,10,0
124,2739,10,0
125,2740,10,0
126,2741,10,0
127,2742,6,0
128,2743,12,0
129,2744,10,0
141,2752,6,0
142,2753,6,0
143,2754,2,0
144,2755,10,0
145,2756,10,0
146,2757,12,0
147,2758,12,0
148,2759,4,0
149,2760,6,0
150,2761,6,0
151,2762,12,0
152,2763,12,0
153,2764,8,0
154,2765,8,0
161,2827,1,0
162,2828,1,0
163,2829,1,0
164,2830,1,0
165,2831,1,0
166,2832,1,0
167,2833,1,0
168,2834,1,0
169,2835,1,0
181,0,4,0
182,2891,4,0
201,2894,2,0
202,2896,2,0
203,2897,12,0
204,2898,12,0
205,2899,12,0
221,0,8,0
222,2917,8,0
241,2911,2,0
242,2912,2,0
243,2913,4,0
244,2914,4,0
261,2915,6,0
262,2916,6,0
281,2921,12,0
282,2922,2,0
283,2923,12,0
284,2924,2,0
301,2942,4,0
321,2943,2,0
322,2944,2,0
323,2945,2,0
324,2946,6,0
341,2947,14,0
342,2948,14,0
361,2949,2,0
362,2950,4,0
381,2956,2,0
382,2957,2,0
383,2958,2,0
384,2959,2,0
385,2960,2,0
386,2961,8,0
387,2962,8,0
388,2963,8,0
389,2964,2,0
390,2965,4,0
391,2966,8,0
392,2967,4,0
393,2968,4,0
401,2969,1,0
402,2970,1,0
421,2971,2,0
441,3045,10,0
442,3046,6,0
443,3047,12,0
444,3048,10,0
445,3049,12,0
446,3050,6,0
447,3051,10,0
448,3052,10,0
449,3053,6,0
450,3054,10,0
451,3055,10,0
452,3056,6,0
453,3057,10,0
454,3058,12,0
455,3059,12,0
456,3060,12,0
457,3061,10,0
458,3062,12,0
459,3063,10,0
460,3065,2,0
461,3064,10,0
462,3066,10,0
463,3067,10,0
464,3068,12,0
465,3069,6,0
466,3070,6,0
467,3071,10,0
468,3072,6,0
469,3073,6,0
470,3074,10,0
471,3075,6,0
472,3076,6,0
473,3077,10,0
474,3078,12,0
475,3079,6,0
476,3080,12,0
477,3081,6,0
478,3082,12,0
479,3103,2,0
480,3083,10,0
481,3084,12,0
482,3085,12,0
483,3086,10,0
484,3087,6,0
485,3088,12,0
486,3089,12,0
487,3090,6,0
488,3091,12,0
501,3099,10,0
502,3100,10,0
503,3101,10,0
521,3104,8,0
522,3105,8,0
523,3106,10,0
524,3107,10,0
525,3108,10,0
526,3109,10,0
527,3110,10,0
528,3111,10,0
529,3112,6,0
530,3113,6,0
541,3115,2,0
542,3116,2,0
543,3117,2,0
544,3118,2,0
545,3119,2,0
546,3120,4,0
547,3121,2,0
548,3122,8,0
549,3123,8,0
550,3124,8,0
551,3125,8,0
552,3126,2,0
553,3127,4,0
554,3128,8,0
555,3129,4,0
556,3130,4,0
557,3131,4,0
558,3132,8,0
559,3133,10,0
560,3134,10,0
561,3135,10,0
562,3136,10,0
563,3137,10,0
564,3138,10,0
565,3139,6,0
566,3140,6,0
567,3141,6,0
568,3142,10,0
569,3143,10,0
570,3144,6,0
571,3145,12,0
572,3146,12,0
573,3147,10,0
574,3148,12,0
581,3154,1,0
582,3155,1,0
601,3156,10,0
602,3157,10,0
603,3158,10,0
604,3159,6,0
605,3160,6,0
606,3161,12,0
607,3162,1,0
608,3163,1,0
621,3197,2,0
641,3201,10,0
642,3202,10,0
661,0,1,0
681,3206,14,0
701,3207,2,0
702,3208,2,0
703,3209,2,0
704,3210,2,0
705,3211,2,0
706,3212,8,0
707,3213,8,0
708,3214,8,0
709,3215,4,0
710,3216,2,0
711,3217,4,0
712,3218,8,0
713,3219,4,0
714,3220,4,0
715,3221,4,0
721,0,1,0
741,3226,12,0
761,3242,14,0
781,3254,14,0
801,3261,1,0
821,3262,8,0
841,3264,4,0
861,3268,8,0
881,0,14,0
901,3270,4,0
902,3271,6,0
903,3272,12,0
921,3281,2,0
922,3282,2,0
923,3283,2,0
941,3274,1,0
942,3275,1,0
961,3280,12,0
981,3284,12,0
982,3285,12,0
983,3286,6,0
984,3287,4,0
1001,3292,2,0
1002,3293,8,0
1021,3317,8,0
1041,3318,10,0
1061,3321,2,0
1081,3324,2,0
1101,3333,10,0
1102,0,8,0
1103,0,2,0
1104,0,4,0
1105,0,6,0
1106,0,12,0
1121,3334,1,0
1122,3335,2,0
1123,3336,4,0
1124,3337,6,0
1125,3338,6,0
1126,3339,2,0
1127,3340,4,0
1141,3371,2,0
1142,0,10,0
1143,0,2,0
1144,3374,2,0
1145,3375,2,0
1146,3376,4,0
1147,3377,2,0
1148,3378,4,0
1149,3379,2,0
1150,3380,2,0
1151,3381,2,0
1152,3382,4,0
1153,3383,8,0
1154,3384,4,0
1155,3385,4,0
1156,3386,4,0
1157,3387,8,0
1158,3388,8,0
1159,3389,8,0
1160,3390,8,0
1161,3391,12,0
1162,3392,10,0
1163,3393,10,0
1164,3394,10,0
1165,3395,10,0
1166,3396,12,0
1167,3397,10,0
1168,3398,10,0
1169,3399,10,0
1170,3400,10,0
1171,3401,10,0
1172,3402,10,0
1173,3403,10,0
1174,3404,6,0
1175,3405,6,0
1176,3411,10,0
1177,3407,6,0
1178,3408,6,0
1179,3409,6,0
1180,3410,6,0
1181,3406,10,0
1182,3412,6,0
1183,3413,6,0
1184,3414,6,0
1185,3415,10,0
1186,3416,6,0
1187,3417,6,0
1188,3422,6,0
1189,3423,10,0
1190,3424,6,0
1191,3426,6,0
1192,3418,6,0
1193,3419,6,0
1194,3420,10,0
1195,3421,6,0
1196,3427,10,0
1197,3428,12,0
1198,3429,12,0
1199,3430,12,0
1200,3431,12,0
1201,3432,12,0
1202,3433,10,0
1203,3434,12,0
1204,3435,12,0
1205,3436,12,0
1207,3438,10,0
1208,3439,12,0
1209,3440,12,0
1210,3441,12,0
1211,3442,12,0
1212,3443,12,0
1213,3444,12,0
1214,3445,12,0
1215,3446,2,0
1216,3447,2,0
1217,3448,2,0
1218,3449,2,0
1219,3450,4,0
1220,3451,2,0
1221,3452,4,0
1222,3453,2,0
1223,3454,8,0
1224,3455,8,0
1225,3456,8,0
1226,3457,8,0
1227,3458,2,0
1228,3459,4,0
1229,3460,8,0
1230,3461,4,0
1231,3462,4,0
1232,3463,4,0
1233,3464,10,0
1234,3465,10,0
1235,3474,10,0
1236,3466,10,0
1237,3472,10,0
1238,3473,10,0
1239,3476,10,0
1240,3467,10,0
1241,3475,10,0
1242,3468,12,0
1243,3469,10,0
1244,3470,12,0
1245,3471,10,0
1246,3477,6,0
1247,3478,10,0
1248,3479,6,0
1249,3480,6,0
1250,3481,6,0
1251,3482,6,0
1252,3483,10,0
1253,3484,6,0
1254,3485,6,0
1255,3486,6,0
1256,3487,6,0
1257,3488,10,0
1258,3489,6,0
1259,3490,6,0
1260,3491,6,0
1261,3492,10,0
1262,3493,6,0
1263,3494,6,0
1264,3495,6,0
1265,3496,6,0
1266,3497,10,0
1267,3498,6,0
1268,3499,10,0
1269,3500,12,0
1270,3501,12,0
1271,3502,12,0
1272,3503,12,0
1273,3504,12,0
1274,3505,10,0
1275,3510,10,0
1276,3506,12,0
1277,3511,12,0
1278,3515,12,0
1279,3507,12,0
1280,3512,12,0
1281,3516,12,0
1282,3508,12,0
1283,3513,12,0
1284,3509,12,0
1285,3514,12,0
1286,3517,12,0
1287,3518,2,0
1288,3519,2,0
1289,3520,2,0
1290,3521,2,0
1291,3522,4,0
1292,3523,2,0
1293,3525,4,0
1294,3524,2,0
1295,3532,8,0
1296,3533,8,0
1297,3534,8,0
1298,3535,8,0
1299,3526,2,0
1300,3527,4,0
1301,3528,8,0
1302,3529,4,0
1303,3530,4,0
1304,3531,4,0
1305,3536,10,0
1306,3537,10,0
1307,3544,10,0
1308,3538,10,0
1309,3545,10,0
1310,3546,10,0
1311,3548,10,0
1312,3539,10,0
1313,3547,10,0
1314,3540,12,0
1315,3541,10,0
1316,3543,12,0
1317,3542,10,0
1318,3549,6,0
1319,3550,10,0
1320,3551,6,0
1321,3552,6,0
1322,3553,6,0
1323,3554,6,0
1324,3555,10,0
1325,3556,6,0
1326,3557,6,0
1327,3558,10,0
1328,3559,6,0
1329,3560,10,0
1330,3561,6,0
1331,3563,6,0
1332,3564,6,0
1333,3565,10,0
1334,3566,6,0
1335,3567,6,0
1336,3568,6,0
1337,3569,6,0
1338,3570,10,0
1339,3571,6,0
1340,3572,10,0
1341,3573,12,0
1342,3574,12,0
1343,3575,12,0
1344,3576,12,0
1345,3577,12,0
1346,3578,10,0
1347,3579,12,0
1348,3580,12,0
1349,3581,12,0
1350,3582,12,0
1351,3583,10,0
1352,3584,12,0
1353,3585,12,0
1354,3586,12,0
1355,3587,12,0
1356,3588,12,0
1357,3589,12,0
1358,3590,12,0
1361,3591,12,0
1381,3621,1,0
1382,3622,1,0
1383,3623,1,0
1401,3624,1,0
1402,3625,1,0
1421,3632,1,0
1422,3633,1,0
1423,3634,1,0
1424,3635,1,0
1425,3636,1,0
1426,3637,1,0
1427,3638,1,0
1428,3639,1,0
1429,3640,1,0
1430,3641,1,0
1431,3626,1,0
1432,3631,1,0
1433,3642,1,0
1434,3628,1,0
1435,3643,1,0
1436,3627,1,0
1437,3767,6,0
1438,3649,2,0
1439,3651,2,0
1440,3644,2,0
1441,3648,2,0
1442,3652,4,0
1443,3647,2,0
1444,3650,2,0
1445,3646,4,0
1446,3654,8,0
1447,3655,8,0
1448,3653,8,0
1449,3656,8,0
1450,3661,2,0
1451,3662,4,0
1452,3659,4,0
1453,3660,8,0
1454,3657,4,0
1455,3658,4,0
1456,3664,10,0
1457,3670,10,0
1458,3675,10,0
1459,3669,10,0
1460,3663,10,0
1461,3674,10,0
1462,3665,12,0
1463,3673,10,0
1464,3668,12,0
1465,3672,10,0
1466,3667,10,0
1467,3671,10,0
1468,3666,10,0
1469,3711,10,0
1470,3700,12,0
1471,3714,12,0
1472,3702,12,0
1473,3701,12,0
1474,3699,12,0
1475,3712,12,0
1476,3698,12,0
1477,3713,12,0
1478,3709,12,0
1479,3705,10,0
1480,3716,12,0
1481,3703,12,0
1482,3708,12,0
1483,3710,12,0
1484,3715,12,0
1485,3706,10,0
1486,3707,12,0
1487,3704,12,0
1488,3696,10,0
1489,3683,6,0
1490,3686,6,0
1491,3677,6,0
1492,3692,6,0
1493,3680,6,0
1494,3682,10,0
1495,3685,6,0
1496,3695,6,0
1497,3687,10,0
1498,3681,6,0
1499,3688,6,0
1500,3689,10,0
1501,3690,6,0
1502,3679,10,0
1503,3693,6,0
1504,3697,6,0
1505,3684,6,0
1506,3694,6,0
1507,3678,6,0
1508,3691,10,0
1509,0,14,0
1510,3732,2,0
1511,3733,2,0
1512,3734,2,0
1513,3735,8,0
1514,3736,8,0
1515,3737,2,0
1516,3738,4,0
1517,3739,4,0
1518,3740,4,0
1519,3741,2,0
1520,3745,4,0
1521,3746,2,0
1522,3747,8,0
1523,3742,8,0
1524,3743,4,0
1525,3744,4,0
1529,3749,14,0
1530,3750,14,0
1549,3792,4,0
1550,3798,1,0
1551,3799,1,0
1552,3801,1,0
1553,3800,1,0
1554,3802,1,0
1555,3803,1,0
1556,3804,1,0
1557,3805,1,0
1569,3861,2,0
1589,3862,2,0
1590,3863,8,0
1591,3864,8,0
1592,3865,2,0
1593,3866,2,0
1609,3867,8,0
1629,3879,14,0
1649,3884,4,0
1650,3889,2,102
1651,3890,2,102
1652,3891,2,102
1653,3892,2,102
1654,3893,2,102
1655,3894,8,102
1656,3895,8,102
1657,3896,8,102
1658,3897,8,102
1659,3898,4,102
1660,3936,4,102
1661,3899,4,102
1662,3900,4,102
1663,3901,4,102
1664,3902,10,102
1665,3904,10,102
1666,3903,10,102
1667,3905,10,102
1668,3906,10,102
1669,3907,10,102
1670,3908,10,102
1671,3909,10,102
1672,3910,10,102
1673,3911,10,102
1674,3912,10,102
1675,3913,6,102
1676,3914,6,102
1677,3915,6,102
1678,3916,6,102
1679,3917,6,102
1680,3918,6,102
1681,3919,6,102
1682,3920,6,102
1683,3921,6,102
1684,3922,6,102
1685,3923,6,102
1686,3924,6,102
1687,3925,6,102
1688,3926,12,102
1689,3927,12,102
1690,3928,12,102
1691,3929,12,102
1692,3930,12,102
1693,3931,12,102
1694,3932,12,102
1695,3933,12,102
1696,3885,12,102
1697,3886,12,102
1698,3888,12,102
1699,3887,12,102
1700,3958,12,102
1701,3959,12,102
1702,3960,12,102
1703,3961,12,102
1704,3962,12,102
1705,3963,12,102
1706,3964,12,102
1707,3965,12,102
1708,3966,6,102
1709,3967,6,102
1710,3968,6,102
1711,3969,6,102
1712,3970,6,102
1713,3971,6,102
1714,3972,6,102
1715,3973,6,102
1716,3974,6,102
1717,3975,6,102
1718,3976,6,102
1719,3977,6,102
1720,3978,6,102
1721,3979,10,102
1722,3980,10,102
1723,3981,10,102
1724,3982,10,102
1725,3937,10,102
1726,3938,10,102
1727,3939,10,102
1728,3940,10,102
1729,3941,10,102
1730,3942,10,102
1731,3943,10,102
1732,3944,4,102
1733,3945,4,102
1734,3946,4,102
1735,3947,4,102
1736,3948,4,102
1737,3949,8,102
1738,3950,8,102
1739,3951,8,102
1740,3952,8,102
1741,3953,2,102
1742,3954,2,102
1743,3955,2,102
1744,3956,2,102
1745,3957,2,102
1746,3983,10,102
1747,4008,6,102
1748,4009,6,102
1749,3994,2,102
1750,3995,2,102
1751,4010,6,102
1752,4011,6,102
1753,3984,10,102
1754,4012,6,102
1755,3996,2,102
1756,3985,10,102
1757,4013,6,102
1758,4014,6,102
1759,3997,2,102
1760,3986,10,102
1761,4021,12,102
1762,3999,4,102
1763,3987,10,102
1764,3988,10,102
1765,4015,6,102
1766,4022,12,102
1767,4016,6,102
1768,4023,12,102
1769,4000,4,102
1770,4024,12,102
1771,4025,12,102
1772,4017,6,102
1773,3998,2,102
1774,4026,12,102
1775,4001,4,102
1776,4027,12,102
1777,3989,10,102
1778,4004,8,102
1779,3990,10,102
1780,4028,12,102
1781,3991,10,102
1782,4018,6,102
1783,4019,6,102
1784,4002,4,102
1785,4005,8,102
1786,3992,10,102
1787,4006,8,102
1788,4029,12,102
1789,4007,8,102
1790,4003,4,102
1791,3993,10,102
1792,4020,6,102
1793,4030,12,102
1794,4031,2,102
1795,0,2,0
1796,4032,2,102
1797,4033,2,102
1798,4034,2,102
1799,4037,2,102
1800,4041,8,102
1801,4042,8,102
1802,4043,8,102
1803,4039,8,102
1804,4044,4,102
1805,4040,4,102
1806,4036,4,102
1807,4038,4,102
1808,4035,4,102
1809,4045,1,102
1810,4046,1,102
1811,4047,1,102
1812,4048,1,102
1813,4049,1,102
1814,4050,1,102
1815,4051,1,102
1816,4052,1,102
1817,4053,1,102
1818,4054,1,102
1819,4055,1,102
1820,4056,1,102
1821,4057,1,102
1823,4119,2,0
1824,4166,32,0
1825,4167,32,0
1826,4168,32,0
1827,4169,32,0
1828,4170,32,0
1829,4171,32,0
1830,4172,32,0
1831,4173,32,0
1832,0,16,0
1833,0,32,0
1837,4212,2,0
1838,4213,2,0
1846,4236,6,102
1847,4237,6,102
1848,4238,6,102
1854,4239,32,0
1855,4244,12,102
1856,4251,1,102
1857,4252,1,102
1858,4253,1,102
1859,4265,2,104
1860,4266,2,104
1869,4273,8,104
1870,4274,8,104
1871,4275,8,104
1872,4276,8,104
1873,4277,12,104
1874,4278,12,104
1875,4279,12,104
1876,4280,12,104
1877,4281,12,104
1878,4282,12,104
1879,4283,12,104
1880,4284,12,104
1881,4285,12,104
1882,4286,12,104
1883,4287,12,104
1884,4288,12,104
1885,4289,12,104
1886,4290,12,104
1887,4291,12,104
1888,4292,12,104
1889,4293,12,104
1890,4294,12,104
1891,4295,6,104
1892,4296,6,104
1893,4297,6,104
1894,4298,6,104
1895,4299,6,104
1896,4300,6,104
1897,4301,6,104
1898,4302,6,104
1899,4303,6,104
1900,4304,6,104
1901,4305,6,104
1902,4306,6,104
1903,4307,6,104
1904,4308,6,104
1905,4309,6,104
1906,4310,6,104
1907,4311,6,104
1908,4312,6,104
1909,4313,6,104
1910,4314,6,104
1911,4315,6,104
1912,4316,6,104
1913,4317,10,104
1914,4318,10,104
1915,4319,10,104
1916,4320,10,104
1917,4321,10,104
1918,4322,10,104
1919,4323,10,104
1920,4324,10,104
1921,4325,10,104
1922,4326,10,104
1923,4327,10,104
1924,4328,10,104
1925,4334,4,104
1926,4335,4,104
1927,4336,4,104
1928,4337,4,104
1929,4338,4,104
1930,4329,2,104
1931,4330,2,104
1932,4331,2,104
1933,4332,2,104
1934,4333,2,104
2020,4453,8,114
2021,4454,8,114
2022,4455,8,114
2023,4456,8,114
2024,4457,12,114
2025,4458,12,114
2026,4459,12,114
2027,4460,12,114
2028,4461,12,114
2029,4462,12,114
2030,4463,12,114
2031,4464,12,114
2032,4465,12,114
2033,4466,12,114
2034,4467,12,114
2035,4468,12,114
2036,4469,12,114
2037,4470,12,114
2038,4471,12,114
2039,4472,12,114
2040,4473,12,114
2041,4474,12,114
2042,4475,6,114
2043,4476,6,114
2044,4477,6,114
2045,4478,6,114
2046,4479,6,114
2047,4480,6,114
2048,4481,6,114
2049,4482,6,114
2050,4483,6,114
2051,4484,6,114
2052,4485,6,114
2053,4486,6,114
2054,4487,6,114
2055,4488,6,114
2056,4489,6,114
2057,4490,6,114
2058,4491,6,114
2059,4492,6,114
2060,4493,6,114
2061,4494,6,114
2062,4495,6,114
2063,4496,6,114
2064,4497,10,114
2065,4498,10,114
2066,4499,10,114
2067,4500,10,114
2068,4501,10,114
2069,4502,10,114
2070,4503,10,114
2071,4504,10,114
2072,4505,10,114
2073,4506,10,114
2074,4507,10,114
2075,4508,10,114
2076,4509,2,114
2077,4511,2,114
2078,4512,2,114
2079,4513,2,114
2080,4514,2,114
2081,4515,4,114
2082,4516,4,114
2083,4517,4,114
2084,4518,4,114
2085,4519,4,114
2086,4520,8,114
2087,4521,8,114
2088,4522,8,114
2089,4523,8,114
2090,4524,12,114
2091,4525,12,114
2092,4526,12,114
2093,4527,12,114
2094,4528,12,114
2095,4529,12,114
2096,4530,12,114
2097,4531,12,114
2098,4532,12,114
2099,4533,12,114
2100,4535,12,114
2101,4536,12,114
2102,4537,12,114
2103,4538,12,114
2104,4539,12,114
2105,4540,12,114
2106,4541,12,114
2107,4542,12,114
2108,4543,6,114
2109,4544,6,114
2110,4545,6,114
2111,4546,6,114
2112,4547,6,114
2113,4548,6,114
2114,4549,6,114
2115,4550,6,114
2116,4551,6,114
2117,4552,6,114
2118,4553,6,114
2119,4554,6,114
2120,4555,6,114
2121,4556,6,114
2122,4557,6,114
2123,4558,6,114
2124,4559,6,114
2125,4560,6,114
2126,4561,6,114
2127,4562,6,114
2128,4563,6,114
2129,4564,6,114
2130,4565,10,114
2131,4566,10,114
2132,4567,10,114
2133,4568,10,114
2134,4569,10,114
2135,4570,10,114
2136,4571,10,114
2137,4572,10,114
2138,4573,10,114
2139,4574,10,114
2140,4575,10,114
2141,4576,10,114
2142,4577,2,114
2143,4578,2,114
2144,4579,2,114
2145,4580,2,114
2146,4581,2,114
2147,4582,4,114
2148,4583,4,114
2149,4584,4,114
2150,4585,4,114
2151,4586,4,114
2152,4587,8,114
2153,4588,8,114
2154,4589,8,114
2155,4590,8,114
2156,4591,12,114
2157,4592,12,114
2158,4593,12,114
2159,4594,12,114
2160,4595,12,114
2161,4596,12,114
2162,4597,12,114
2163,4598,12,114
2164,4599,12,114
2165,4600,12,114
2166,4601,12,114
2167,4602,12,114
2168,4603,12,114
2169,4604,12,114
2170,4605,12,114
2171,4606,12,114
2172,4607,12,114
2173,4608,12,114
2174,4609,6,114
2175,4610,6,114
2176,4611,6,114
2177,4612,6,114
2178,4613,6,114
2179,4614,6,114
2180,4615,6,114
2181,4616,6,114
2182,4617,6,114
2183,4618,6,114
2184,4619,6,114
2185,4620,6,114
2186,4621,6,114
2187,4622,6,114
2188,4623,6,114
2189,4624,6,114
2190,4625,6,114
2191,4626,6,114
2192,4627,6,114
2193,4628,6,114
2194,4629,6,114
2195,4630,6,114
2196,4631,10,114
2197,4632,10,114
2198,4633,10,114
2199,4634,10,114
2200,4635,10,114
2201,4636,10,114
2202,4637,10,114
2203,4638,10,114
2204,4640,10,114
2205,4641,10,114
2206,4642,10,114
2207,4643,2,114
2208,4644,2,114
2209,4645,2,114
2210,4646,2,114
2211,4647,4,114
2212,4648,4,114
2213,4649,4,114
2214,4650,4,114
2215,4651,4,114
2216,4652,10,114
2217,4653,2,114
2218,4654,8,114
2219,4655,1,114
2220,4656,1,114
2221,4658,1,114
2222,4657,1,114
2223,4659,1,114
2224,4660,1,114
2225,4661,1,114
2226,4662,1,114
2227,4664,1,114
2228,4665,1,114
2229,4666,1,114
2230,4667,1,114
2231,4668,1,114
2232,4669,1,114
2235,4672,12,104
2236,4673,12,104
2237,4674,6,104
2238,4675,10,104
2239,4676,4,104
2241,4678,6,104
2242,4679,12,104
2243,4680,6,104
2244,4681,12,104
2245,4682,8,104
2246,4683,6,104
2247,4684,12,104
2248,4685,12,104
2249,4686,6,104
2250,4677,12,104
2265,4906,32,114
2266,4904,32,114
2267,4902,32,114
2268,4901,32,114
2269,4899,32,114
2270,4903,32,114
2271,4905,32,114
2272,4900,32,114
2301,4810,2,114
2302,4816,4,114
2303,4814,4,114
2304,4817,8,114
2305,4819,4,114
2306,4818,4,114
2307,4815,2,114
2308,4820,8,114
2309,4821,8,114
2310,4811,2,114
2311,4812,2,114
2312,4813,2,114
2318,4932,12,114
2319,4933,12,114
2320,4934,12,114
2321,4936,12,114
2322,4937,12,114
2323,4938,12,114
2324,4939,12,114
2325,4940,12,114
2326,4941,12,114
2327,4942,12,114
2328,4943,12,114
2329,4944,12,114
2330,4945,12,114
2331,4946,12,114
2332,4947,12,114
2333,4948,12,114
2334,4949,12,114
2335,4950,12,114
2336,4951,6,114
2337,4952,6,114
2338,4953,6,114
2339,4954,6,114
2340,4955,6,114
2341,4956,6,114
2342,4957,6,114
2343,4958,6,114
2344,4959,6,114
2345,4960,6,114
2346,4961,6,114
2347,4962,6,114
2348,4963,6,114
2349,4964,6,114
2350,4965,6,114
2351,4966,6,114
2352,4967,6,114
2353,4968,6,114
2354,4969,6,114
2355,4970,6,114
2356,4971,6,114
2357,4972,6,114
2358,4921,10,114
2359,4922,10,114
2360,4923,10,114
2361,4924,10,114
2362,4925,10,114
2364,4926,10,114
2365,4927,10,114
2366,4928,10,114
2367,4929,10,114
2368,4930,10,114
2369,4931,10,114
2375,4973,10,114
2392,4984,10,114
2393,4985,10,114
2394,4986,10,114
2395,4987,10,114
2396,4988,10,114
2397,4989,10,114
2398,4990,10,114
2399,4991,10,114
2400,4996,16,0
2401,4997,16,0
2402,4998,16,0
2406,5011,16,0
2407,5013,16,0
2408,5012,16,0
2409,5016,6,114
2410,5017,6,114
2411,5018,6,114
2412,5019,10,114
2413,5020,10,114
2414,5021,10,114
2417,5024,12,114
2418,5025,12,114
2419,5026,12,114
2420,5027,12,114
2422,5030,1,118
2423,5031,1,118
2424,5032,1,118
2425,5033,1,118
2426,5034,1,116
2432,5047,1,114
2433,5048,8,114
2434,5049,12,114
2435,5050,16,0
2436,5051,10,114
2437,5052,4,114
2438,5053,12,114
2439,5054,2,114
2440,5070,1,114
2441,5071,4,114
2442,5072,10,114
2443,5073,8,114
2444,5074,6,114
2445,5075,10,114
2446,5085,1,114
2447,5086,4,114
2448,5088,10,114
2449,5089,8,114
2450,5090,6,114
2451,5106,12,114
2452,5107,4,114
2453,5108,4,114
2454,5109,6,114
2455,5114,6,114
2456,5115,16,0
2457,5117,4,114
2458,5118,6,114
2459,5119,8,114
2460,5120,2,114
2467,5147,2,0
2504,5333,16,0
2522,5339,14,80
2523,5340,14,80
2524,5342,14,80
2525,5343,14,80
2526,5344,14,80
2527,5345,14,80
2528,5346,14,80
2530,5347,14,80
2531,5348,14,80
2532,5349,14,80
2533,5350,14,80
2534,5351,14,80
2536,5419,14,80
2537,5420,14,80
2538,5421,14,80
2539,5413,14,80
2540,5414,14,80
2541,5415,14,80
2542,5416,14,80
2543,5417,14,80
2544,5418,14,80
2545,5452,64,142
2546,5454,128,142
2547,5455,256,142
2548,5456,512,142
2550,5457,14,83
2552,5459,14,81
2553,5460,14,81
2554,5462,14,81
2555,5461,14,81
2556,5463,14,81
2557,5464,14,81
2558,5466,14,81
2559,5465,14,81
2560,5467,14,81
2561,5468,14,81
2562,5469,14,81
2581,5488,65536,0
2583,5489,4096,0
2585,5493,65536,0
2586,5494,65536,0
2587,5495,1024,0
2588,5496,1024,0
2589,5497,128,0
2590,5498,128,0
2591,5499,512,0
2592,5500,512,0
2593,5501,4096,0
2594,5502,4096,0
2595,5503,2048,0
2596,5504,2048,0
2597,5505,64,0
2598,5506,64,0
2599,5507,16384,0
2600,5508,16384,0
2601,5509,256,0
2602,5510,256,0
2603,5511,8192,0
2604,5512,8192,0
2605,5513,32768,0
2606,5514,32768,0
2608,5515,1024,0
2609,5516,128,0
2610,5517,512,0
2611,5518,4096,0
2612,5519,2048,0
2613,5521,64,0
2614,5522,16384,0
2615,5523,256,0
2616,5524,8192,0
2617,5525,32768,0
2619,5526,1024,0
2620,5527,128,0
2621,5528,512,0
2622,5529,4096,0
2623,5530,2048,0
2624,5532,64,0
2625,5533,16384,0
2626,5534,256,0
2627,5535,8192,0
2628,5536,32768,0
2629,5542,65536,0
2630,5538,1024,0
2631,5537,128,0
2632,5539,512,0
2633,5540,4096,0
2634,5541,2048,0
2635,5543,64,0
2636,5544,16384,0
2637,5545,256,0
2638,5546,8192,0
2639,5547,32768,0
2640,5553,65536,0
2641,5548,1024,0
2642,5549,128,0
2643,5550,512,0
2644,5551,4096,0
2645,5552,2048,0
2646,5554,64,0
2647,5555,16384,0
2648,5556,256,0
2649,5557,8192,0
2650,5558,32768,0
2651,0,65536,0
2652,0,1024,0
2653,0,128,0
2654,0,512,0
2655,0,4096,0
2656,0,2048,0
2657,0,64,0
2658,0,16384,0
2659,0,256,0
2660,0,8192,0
2661,0,32768,0
2662,0,65536,0
2663,0,1024,0
2664,0,128,0
2665,0,512,0
2666,0,4096,0
2667,0,2048,0
2668,0,64,0
2669,0,16384,0
2670,0,256,0
2671,0,8192,0
2672,0,32768,0
2673,0,65536,0
2674,0,1024,0
2675,0,128,0
2676,0,512,0
2677,0,4096,0
2678,0,2048,0
2679,0,64,0
2680,0,16384,0
2681,0,256,0
2682,0,8192,0
2683,0,32768,0
2684,0,65536,0
2685,0,1024,0
2686,0,128,0
2687,0,512,0
2688,0,4096,0
2689,0,2048,0
2690,0,64,0
2691,0,16384,0
2692,0,256,0
2693,0,8192,0
2694,0,32768,0
2695,5570,65536,0
2696,5564,1024,0
2697,5566,128,0
2698,5567,512,0
2699,5568,4096,0
2700,5569,2048,0
2701,5571,64,0
2702,5572,16384,0
2703,5573,256,0
2704,5574,8192,0
2705,5575,32768,0
2706,5580,65536,0
2707,5565,1024,0
2708,5576,128,0
2709,5577,512,0
2710,5578,4096,0
2711,5579,2048,0
2712,5581,64,0
2713,5582,16384,0
2714,5583,256,0
2715,5584,8192,0
2716,5585,32768,0
2718,5586,1024,0
2719,5587,128,0
2720,5588,512,0
2721,5589,4096,0
2722,5590,2048,0
2723,5592,64,0
2724,5593,16384,0
2725,5594,256,0
2726,5595,8192,0
2727,5596,32768,0
2729,5597,1024,0
2730,5598,128,0
2731,5599,512,0
2732,5600,4096,0
2733,5601,2048,0
2734,5603,64,0
2735,5604,16384,0
2736,5605,256,0
2737,5606,8192,0
2738,5607,32768,0
2739,5613,65536,0
2740,5608,1024,0
2741,5609,128,0
2742,5610,512,0
2743,5611,4096,0
2744,5612,2048,0
2745,5614,64,0
2746,5615,16384,0
2747,5616,256,0
2748,5617,8192,0
2749,5618,32768,0
2750,5624,65536,0
2751,5619,1024,0
2752,5620,128,0
2753,5621,512,0
2754,5622,4096,0
2755,5623,2048,0
2756,5625,64,0
2757,5626,16384,0
2758,5627,256,0
2759,5628,8192,0
2760,5629,32768,0
2761,5632,65536,0
2762,5633,1024,0
2763,5634,128,0
2764,5635,512,0
2765,5636,4096,0
2766,5637,2048,0
2767,5638,64,0
2768,5640,16384,0
2769,5641,256,0
2770,5642,8192,0
2771,5643,32768,0
2772,5644,65536,0
2773,5645,1024,0
2774,5646,128,0
2775,5647,512,0
2776,5648,4096,0
2777,5649,2048,0
2778,5650,64,0
2779,5651,16384,0
2780,5652,256,0
2781,5653,8192,0
2782,5654,32768,0
2783,5665,65536,0
2784,5655,1024,0
2785,5657,128,0
2786,5659,512,0
2787,5661,4096,0
2788,5663,2048,0
2789,5667,64,0
2790,5669,16384,0
2791,5671,256,0
2792,5673,8192,0
2793,5675,32768,0
2794,5687,65536,0
2795,5677,1024,0
2796,5679,128,0
2797,5681,512,0
2798,5683,4096,0
2799,5685,2048,0
2800,5689,64,0
2801,5691,16384,0
2802,5693,256,0
2803,5715,8192,0
2804,5717,32768,0
2805,5724,65536,0
2806,5719,1024,0
2807,5720,128,0
2808,5721,512,0
2809,5722,4096,0
2810,5723,2048,0
2811,5725,64,0
2812,5726,16384,0
2813,5727,256,0
2814,5728,8192,0
2815,5729,32768,0
2816,5666,65536,0
2817,5656,1024,0
2818,5658,128,0
2819,5660,512,0
2820,5662,4096,0
2821,5664,2048,0
2822,5668,64,0
2823,5670,16384,0
2824,5672,256,0
2825,5674,8192,0
2826,5676,32768,0
2827,5688,65536,0
2828,5678,1024,0
2829,5680,128,0
2830,5682,512,0
2831,5684,4096,0
2832,5686,2048,0
2833,5690,64,0
2834,5692,16384,0
2835,5694,256,0
2836,5716,8192,0
2837,5718,32768,0
2839,5695,1024,0
2840,5696,128,0
2841,5697,512,0
2842,5698,4096,0
2843,5699,2048,0
2844,5700,64,0
2845,5701,16384,0
2846,5702,256,0
2847,5703,8192,0
2848,5704,32768,0
2850,5705,1024,0
2851,5706,128,0
2852,5707,512,0
2853,5708,4096,0
2854,5709,2048,0
2855,5710,64,0
2856,5711,16384,0
2857,5712,256,0
2858,5713,8192,0
2859,5714,32768,0
2860,5738,65536,0
2861,5730,1024,0
2862,5731,128,0
2863,5732,512,0
2864,5733,4096,0
2865,5734,2048,0
2866,5735,64,0
2867,5736,16384,0
2868,5737,256,0
2869,5739,8192,0
2870,5740,32768,0
2871,5746,65536,0
2872,5741,1024,0
2873,5742,128,0
2874,5743,512,0
2875,5744,4096,0
2876,5745,2048,0
2877,5747,64,0
2878,5748,16384,0
2879,5749,256,0
2880,5750,8192,0
2881,5751,32768,0
2882,5758,65536,0
2883,5753,1024,0
2884,5754,128,0
2885,5755,512,0
2886,5756,4096,0
2887,5757,2048,0
2888,5759,64,0
2889,5760,16384,0
2890,5761,256,0
2891,5762,8192,0
2892,5763,32768,0
2893,5769,65536,0
2894,5764,1024,0
2895,5765,128,0
2896,5766,512,0
2897,5767,4096,0
2898,5768,2048,0
2899,5770,64,0
2900,5771,16384,0
2901,5772,256,0
2902,5773,8192,0
2903,5774,32768,0
2904,5780,65536,0
2905,5775,1024,0
2906,5776,128,0
2907,5777,512,0
2908,5778,4096,0
2909,5779,2048,0
2910,5781,64,0
2911,5782,16384,0
2912,5783,256,0
2913,5784,8192,0
2914,5785,32768,0
2916,5789,32768,0
2917,5791,8192,0
2918,5790,256,0
2919,5788,65536,0
2920,5787,4096,0
2921,5786,128,0
2922,5792,64,0
2923,5792,64,0
2924,5793,512,0
2925,5793,512,0
2926,5794,0,0
2927,5794,1024,0
2928,5795,2,0
2929,5796,65536,0
2930,5797,1024,0
2931,5797,1024,0
2932,5798,128,0
2933,5798,128,0
2934,5799,512,0
2935,5799,512,0
2936,5800,2048,0
2937,5800,2048,0
2938,5801,4096,0
2939,5801,4096,0
2940,5802,65536,0
2941,5802,65536,0
2942,5803,64,0
2943,5803,64,0
2944,5804,16384,0
2945,5804,16384,0
2946,5805,256,0
2947,5805,256,0
2948,5806,8192,0
2949,5806,8192,0
2950,5807,32768,0
2951,5807,32768,0
2952,5808,12,0
2953,5809,2048,0
2954,5809,2048,0
2955,5810,1024,0
2956,5811,2048,0
2957,5812,4096,0
2958,5813,64,0
2959,5814,16384,0
2960,5815,256,0
2984,5822,128,0
2985,5823,64,0
2986,5824,65536,0
2987,5825,4096,0
2988,5826,512,0
2989,5827,32768,0
2990,5828,256,0
2992,5830,1024,0
2993,5831,2048,0
2994,5832,16384,0
2995,0,65536,0
2996,0,1024,0
2997,0,256,0
2998,0,512,0
2999,0,64,0
3000,0,32768,0
3001,0,65536,0
3002,0,512,0
3007,5847,1024,0
3008,5848,1024,0
3009,5849,1024,0
3010,5850,1024,0
3011,5851,1024,0
3012,5852,1024,0
3013,5853,1024,0
3014,5854,1024,0
3015,5855,1024,0
3016,5847,128,0
3017,5848,128,0
3018,5849,128,0
3019,5850,128,0
3020,5851,128,0
3021,5852,128,0
3022,5853,128,0
3023,5854,128,0
3024,5855,128,0
3025,5847,512,0
3026,5848,512,0
3027,5849,512,0
3028,5850,512,0
3029,5851,512,0
3030,5852,512,0
3031,5853,512,0
3032,5854,512,0
3033,5855,512,0
3034,5847,4096,0
3035,5848,4096,0
3036,5849,4096,0
3037,5850,4096,0
3038,5851,4096,0
3039,5852,4096,0
3040,5853,4096,0
3041,5854,4096,0
3042,5855,4096,0
3043,5847,2048,0
3044,5848,2048,0
3045,5849,2048,0
3046,5850,2048,0
3047,5851,2048,0
3048,5852,2048,0
3049,5853,2048,0
3050,5854,2048,0
3051,5855,2048,0
3052,5847,65536,0
3053,5848,65536,0
3054,5849,65536,0
3055,5850,65536,0
3056,5851,65536,0
3057,5852,65536,0
3058,5853,65536,0
3059,5854,65536,0
3060,5855,65536,0
3061,5847,64,0
3062,5848,64,0
3063,5849,64,0
3064,5850,64,0
3065,5851,64,0
3066,5852,64,0
3067,5853,64,0
3068,5854,64,0
3069,5855,64,0
3070,5847,16384,0
3071,5848,16384,0
3072,5849,16384,0
3073,5850,16384,0
3074,5851,16384,0
3075,5852,16384,0
3076,5853,16384,0
3077,5854,16384,0
3078,5855,16384,0
3079,5847,256,0
3080,5848,256,0
3081,5849,256,0
3082,5850,256,0
3083,5851,256,0
3084,5852,256,0
3085,5853,256,0
3086,5854,256,0
3087,5855,256,0
3088,5847,32768,0
3089,5848,32768,0
3090,5849,32768,0
3091,5850,32768,0
3092,5851,32768,0
3093,5852,32768,0
3094,5853,32768,0
3095,5854,32768,0
3096,5855,32768,0
3099,0,65536,0
3100,0,1024,0
3101,0,128,0
3102,0,512,0
3103,0,4096,0
3104,0,2048,0
3105,0,64,0
3106,0,16384,0
3107,0,256,0
3108,0,8192,0
3109,0,32768,0
3119,0,8192,0
3129,0,4096,0
3130,0,256,0
3193,5852,256,0
3194,5852,1024,0
3195,5916,16384,0
3196,5916,32768,0
3197,5848,16384,0
3198,5922,2048,0
3199,5852,256,0
3200,5921,65536,0
3201,5847,512,0
3202,5847,128,0
3203,5852,64,0
3204,5852,4096,0
3205,5847,128,0
3206,5854,65536,0
3207,5855,2048,0
3208,5847,128,0
3209,5852,64,0
3210,5847,32768,0
3211,5848,16384,0
3212,5847,32768,0
3213,5854,65536,0
3214,5852,4096,0
3215,5847,512,0
3216,5852,256,0
3217,5916,1024,0
3218,5847,1024,0
3219,5920,32768,0
3220,5853,2048,0
3221,5853,256,0
3222,5920,65536,0
3223,5920,4096,0
3224,5920,128,0
3225,5920,64,0
3226,5920,512,0
3227,5920,1024,0
3228,5920,16384,0
3229,5915,32768,0
3230,5848,2048,0
3231,5848,256,0
3232,5915,65536,0
3233,5915,4096,0
3234,5915,128,0
3235,5848,64,0
3236,5915,512,0
3237,5915,1024,0
3238,5848,16384,0
3239,5917,32768,0
3240,5917,2048,0
3241,5917,256,0
3242,5849,65536,0
3243,5917,4096,0
3244,5917,128,0
3245,5849,64,0
3246,5849,512,0
3247,5849,1024,0
3248,5917,16384,0
3249,5919,32768,0
3250,5919,2048,0
3251,5919,256,0
3252,5919,65536,0
3253,5851,4096,0
3254,5919,128,0
3255,5919,64,0
3256,5851,512,0
3257,5851,1024,0
3258,5919,16384,0
3259,5914,32768,0
3260,5847,2048,0
3261,5914,256,0
3262,5914,65536,0
3263,5914,4096,0
3264,5847,128,0
3265,5851,64,0
3266,5914,512,0
3267,5847,1024,0
3268,5914,16384,0
3269,0,65536,0
3270,0,1024,0
3271,0,128,0
3272,0,512,0
3273,0,4096,0
3274,0,2048,0
3275,0,64,0
3276,0,16384,0
3277,0,256,0
3278,0,32768,0
3279,5917,1024,0
3280,5850,1024,0
3281,5851,128,0
3282,5852,128,0
3283,5853,512,0
3284,5921,512,0
3285,5919,4096,0
3286,5852,4096,0
3287,5918,2048,0
3288,5920,2048,0
3289,5853,65536,0
3290,5922,65536,0
3291,5916,64,0
3292,5921,64,0
3293,5851,16384,0
3294,5922,16384,0
3295,5918,256,0
3296,5921,256,0
3297,5918,32768,0
3298,5852,32768,0
3301,5849,4096,0
3302,5919,1024,0
3303,5914,1024,0
3304,5848,64,0
3305,5915,64,0
3306,0,0,0
3307,0,0,0
3308,0,0,0
3309,0,0,0
3310,0,0,0
3311,0,0,0
3312,0,0,0
3313,0,0,0
3314,0,0,0
3315,0,0,0
3316,0,0,0
3317,0,0,0
3318,0,0,0
3319,0,0,0
3320,0,0,0
3321,0,0,0
3322,0,0,0
3323,0,0,0
3324,0,0,0
3325,0,0,0
3326,0,0,0
3327,0,0,0
3328,0,0,0
3329,0,0,0
3330,0,0,0
3331,0,0,0
3332,0,0,0
3333,0,0,0
3334,0,0,0
3335,0,0,0
3343,5853,32768,0
3344,5848,1024,0
3345,5852,16384,0
3346,5851,2048,0
3347,5915,256,0
3348,5849,65536,0
3349,5851,512,0
3350,5848,64,0
3351,5847,4096,0
3352,5853,128,0
3354,0,65536,0
3355,0,1024,0
3356,0,128,0
3357,0,512,0
3358,0,4096,0
3359,0,2048,0
3360,0,64,0
3361,0,16384,0
3362,0,256,0
3363,0,32768,0
3365,5848,1024,0
3366,5848,64,0
3367,5848,4096,0
3368,5848,2048,0
3369,5848,16384,0
3370,5848,256,0
3371,5916,128,0
3372,5918,64,0
3373,5920,256,0
3374,5917,512,0
3375,5918,1024,0
3376,5914,2048,0
3377,5916,4096,0
3378,5915,16384,0
3379,5853,32768,0
3380,5916,65536,0
3381,5847,1024,0
3382,5847,128,0
3383,5847,512,0
3384,5847,4096,0
3385,5847,2048,0
3386,5847,65536,0
3387,5914,64,0
3388,5847,16384,0
3389,5847,256,0
3390,5847,32768,0
3391,5853,512,0
3392,5853,512,0
3393,5853,512,0
3394,5892,65536,0
3395,5893,65536,0
3396,5892,65536,0
3403,5917,65536,0
3404,5853,1024,0
3405,5914,128,0
3406,5919,512,0
3407,5848,4096,0
3408,5915,2048,0
3409,5917,64,0
3410,5848,16384,0
3411,5847,256,0
3412,5847,32768,0
3413,5849,1024,0
3414,5850,1024,0
3415,5851,128,0
3416,5852,128,0
3417,5853,512,0
3418,5854,512,0
3419,5851,4096,0
3420,5852,4096,0
3421,5850,2048,0
3422,5853,2048,0
3423,5853,65536,0
3424,5855,65536,0
3425,5852,64,0
3426,5854,64,0
3427,5851,16384,0
3428,5855,16384,0
3429,5850,256,0
3430,5854,256,0
3431,5850,32768,0
3432,5852,32768,0
3436,5848,2048,0
3437,5892,2048,0
3438,5902,2048,0
3439,5901,2048,0
3440,5903,2048,0
3441,5904,2048,0
3442,5905,2048,0
3443,5906,2048,0
3444,5907,2048,0
3445,5908,2048,0
3446,5909,2048,0
3447,5910,2048,0
3448,5906,2048,0
3449,5906,2048,0
3450,5906,2048,0
3451,5847,65536,0
3452,5847,1024,0
3453,5847,128,0
3454,5847,512,0
3455,5847,4096,0
3456,5847,2048,0
3457,5847,64,0
3458,5847,16384,0
3459,5847,256,0
3460,5847,32768,0
3461,5848,16384,0
3462,5847,512,0
3463,5849,4096,0
3464,5850,2048,0
3465,5851,64,0
3466,5852,1024,0
3467,5853,256,0
3468,5921,32768,0
3469,5922,128,0
3470,5847,65536,0
3471,5850,64,0
3472,5912,64,0
3473,5923,1024,0
3474,5923,128,0
3475,5923,512,0
3476,5913,4096,0
3477,5913,2048,0
3478,5913,65536,0
3479,5913,64,0
3480,5913,16384,0
3481,5913,256,0
3482,5923,32768,0
3485,5921,1024,0
3486,5922,1024,0
3487,5913,1024,0
3490,5918,128,0
3492,5921,128,0
3494,5913,128,0
3495,5918,512,0
3496,5916,512,0
3497,5922,512,0
3498,5913,512,0
3499,5916,2048,0
3500,5921,2048,0
3501,5923,2048,0
3502,5918,4096,0
3503,5921,4096,0
3504,5922,4096,0
3505,5923,4096,0
3506,5916,256,0
3507,5918,65536,0
3508,5923,65536,0
3509,5922,64,0
3510,5923,64,0
3511,5918,16384,0
3512,5921,16384,0
3513,5923,16384,0
3514,5922,256,0
3515,5923,256,0
3516,5922,32768,0
3517,5913,32768,0
3519,5914,128,0
3520,5917,512,0
3521,5918,4096,0
3522,5915,2048,0
3538,5853,1024,0
3539,5849,1024,0
3540,5850,1024,0
3541,5847,128,0
3542,5851,128,0
3543,5852,128,0
3544,5851,512,0
3545,5853,512,0
3546,5854,512,0
3547,5848,4096,0
3548,5851,4096,0
3549,5852,4096,0
3550,5848,2048,0
3551,5850,2048,0
3552,5853,2048,0
3553,5849,65536,0
3554,5853,65536,0
3555,5855,65536,0
3556,5849,64,0
3557,5852,64,0
3558,5854,64,0
3559,5848,16384,0
3560,5851,16384,0
3561,5855,16384,0
3562,5853,1024,0
3563,5849,1024,0
3564,5850,1024,0
3565,5847,128,0
3566,5851,128,0
3567,5852,128,0
3568,5851,512,0
3569,5853,512,0
3570,5854,512,0
3571,5848,4096,0
3572,5851,4096,0
3573,5852,4096,0
3574,5848,2048,0
3575,5850,2048,0
3576,5853,2048,0
3577,5849,65536,0
3578,5853,65536,0
3579,5855,65536,0
3580,5849,64,0
3581,5852,64,0
3582,5854,64,0
3583,5848,16384,0
3584,5851,16384,0
3585,5855,16384,0
3586,5853,1024,0
3587,5849,1024,0
3588,5850,1024,0
3589,5847,128,0
3590,5851,128,0
3591,5852,128,0
3592,5851,512,0
3593,5853,512,0
3594,5854,512,0
3595,5848,4096,0
3596,5851,4096,0
3597,5852,4096,0
3598,5848,2048,0
3599,5850,2048,0
3600,5853,2048,0
3601,5849,65536,0
3602,5853,65536,0
3603,5855,65536,0
3604,5849,64,0
3605,5852,64,0
3606,5854,64,0
3607,5848,16384,0
3608,5851,16384,0
3609,5855,16384,0
3610,5847,256,0
3611,5850,256,0
3612,5854,256,0
3613,5847,32768,0
3614,5850,32768,0
3615,5852,32768,0
3616,5847,256,0
3617,5850,256,0
3618,5854,256,0
3619,5847,32768,0
3620,5850,32768,0
3621,5852,32768,0
3622,5847,256,0
3623,5850,256,0
3624,5854,256,0
3625,5847,32768,0
3626,5850,32768,0
3627,5852,32768,0
3629,5925,14,81
3630,5926,14,81
3631,5927,14,81
3632,5928,14,81
3633,5954,14,100
3734,6081,14,100
3735,6072,14,100
3736,6078,14,100
3737,6075,14,100
3738,6082,14,100
3739,6073,14,81
3740,6079,14,100
3741,6076,14,100
3742,6084,14,100
3743,6085,14,100
3744,6086,14,100
3745,6092,14,100
